Serial Number,MY62140058,
Model Number,U1242C,
Remark,-,
Date Time,3/20/2024 10:30:35 PM
Record,Time,Function,Reading,Range,Unit
1,3/20/2024 22:17:20.212,Temperature {Temp.K},28.0, °C,°C
2,3/20/2024 22:17:21.212,Temperature {Temp.K},28.0, °C,°C
3,3/20/2024 22:17:22.213,Temperature {Temp.K},28.0, °C,°C
4,3/20/2024 22:17:23.214,Temperature {Temp.K},28.0, °C,°C
5,3/20/2024 22:17:24.215,Temperature {Temp.K},28.0, °C,°C
6,3/20/2024 22:17:25.216,Temperature {Temp.K},27.9, °C,°C
7,3/20/2024 22:17:26.217,Temperature {Temp.K},27.9, °C,°C
8,3/20/2024 22:17:27.219,Temperature {Temp.K},27.9, °C,°C
9,3/20/2024 22:17:28.219,Temperature {Temp.K},27.8, °C,°C
10,3/20/2024 22:17:29.219,Temperature {Temp.K},27.8, °C,°C
11,3/20/2024 22:17:30.220,Temperature {Temp.K},27.8, °C,°C
12,3/20/2024 22:17:31.222,Temperature {Temp.K},27.7, °C,°C
13,3/20/2024 22:17:32.222,Temperature {Temp.K},27.7, °C,°C
14,3/20/2024 22:17:33.222,Temperature {Temp.K},27.7, °C,°C
15,3/20/2024 22:17:34.223,Temperature {Temp.K},27.7, °C,°C
16,3/20/2024 22:17:35.224,Temperature {Temp.K},27.7, °C,°C
17,3/20/2024 22:17:36.224,Temperature {Temp.K},27.7, °C,°C
18,3/20/2024 22:17:37.226,Temperature {Temp.K},27.6, °C,°C
19,3/20/2024 22:17:38.226,Temperature {Temp.K},27.6, °C,°C
20,3/20/2024 22:17:39.226,Temperature {Temp.K},27.6, °C,°C
21,3/20/2024 22:17:40.228,Temperature {Temp.K},27.6, °C,°C
22,3/20/2024 22:17:41.229,Temperature {Temp.K},27.6, °C,°C
23,3/20/2024 22:17:42.229,Temperature {Temp.K},27.5, °C,°C
24,3/20/2024 22:17:43.229,Temperature {Temp.K},27.5, °C,°C
25,3/20/2024 22:17:44.230,Temperature {Temp.K},27.5, °C,°C
26,3/20/2024 22:17:45.231,Temperature {Temp.K},27.5, °C,°C
27,3/20/2024 22:17:46.232,Temperature {Temp.K},27.4, °C,°C
28,3/20/2024 22:17:47.233,Temperature {Temp.K},27.4, °C,°C
29,3/20/2024 22:17:48.234,Temperature {Temp.K},27.4, °C,°C
30,3/20/2024 22:17:49.235,Temperature {Temp.K},27.3, °C,°C
31,3/20/2024 22:17:50.237,Temperature {Temp.K},27.3, °C,°C
32,3/20/2024 22:17:51.238,Temperature {Temp.K},27.3, °C,°C
33,3/20/2024 22:17:52.240,Temperature {Temp.K},27.3, °C,°C
34,3/20/2024 22:17:53.241,Temperature {Temp.K},27.3, °C,°C
35,3/20/2024 22:17:54.242,Temperature {Temp.K},27.2, °C,°C
36,3/20/2024 22:17:55.244,Temperature {Temp.K},27.2, °C,°C
37,3/20/2024 22:17:56.244,Temperature {Temp.K},27.2, °C,°C
38,3/20/2024 22:17:57.245,Temperature {Temp.K},27.2, °C,°C
39,3/20/2024 22:17:58.246,Temperature {Temp.K},27.2, °C,°C
40,3/20/2024 22:17:59.247,Temperature {Temp.K},27.3, °C,°C
41,3/20/2024 22:18:00.248,Temperature {Temp.K},27.3, °C,°C
42,3/20/2024 22:18:01.250,Temperature {Temp.K},27.4, °C,°C
43,3/20/2024 22:18:02.251,Temperature {Temp.K},27.4, °C,°C
44,3/20/2024 22:18:03.252,Temperature {Temp.K},27.5, °C,°C
45,3/20/2024 22:18:04.254,Temperature {Temp.K},27.6, °C,°C
46,3/20/2024 22:18:05.255,Temperature {Temp.K},27.8, °C,°C
47,3/20/2024 22:18:06.257,Temperature {Temp.K},28.0, °C,°C
48,3/20/2024 22:18:07.257,Temperature {Temp.K},28.2, °C,°C
49,3/20/2024 22:18:08.258,Temperature {Temp.K},28.4, °C,°C
50,3/20/2024 22:18:09.259,Temperature {Temp.K},28.7, °C,°C
51,3/20/2024 22:18:10.259,Temperature {Temp.K},29.0, °C,°C
52,3/20/2024 22:18:11.260,Temperature {Temp.K},29.4, °C,°C
53,3/20/2024 22:18:12.261,Temperature {Temp.K},29.7, °C,°C
54,3/20/2024 22:18:13.263,Temperature {Temp.K},30.1, °C,°C
55,3/20/2024 22:18:14.263,Temperature {Temp.K},30.6, °C,°C
56,3/20/2024 22:18:15.264,Temperature {Temp.K},31.1, °C,°C
57,3/20/2024 22:18:16.265,Temperature {Temp.K},31.6, °C,°C
58,3/20/2024 22:18:17.265,Temperature {Temp.K},32.3, °C,°C
59,3/20/2024 22:18:18.266,Temperature {Temp.K},32.6, °C,°C
60,3/20/2024 22:18:19.268,Temperature {Temp.K},33.3, °C,°C
61,3/20/2024 22:18:20.269,Temperature {Temp.K},34.2, °C,°C
62,3/20/2024 22:18:21.270,Temperature {Temp.K},35.0, °C,°C
63,3/20/2024 22:18:22.272,Temperature {Temp.K},35.3, °C,°C
64,3/20/2024 22:18:23.273,Temperature {Temp.K},36.0, °C,°C
65,3/20/2024 22:18:24.273,Temperature {Temp.K},36.8, °C,°C
66,3/20/2024 22:18:25.274,Temperature {Temp.K},37.6, °C,°C
67,3/20/2024 22:18:26.276,Temperature {Temp.K},38.4, °C,°C
68,3/20/2024 22:18:27.278,Temperature {Temp.K},39.6, °C,°C
69,3/20/2024 22:18:28.279,Temperature {Temp.K},40.5, °C,°C
70,3/20/2024 22:18:29.279,Temperature {Temp.K},41.2, °C,°C
71,3/20/2024 22:18:30.280,Temperature {Temp.K},42.0, °C,°C
72,3/20/2024 22:18:31.281,Temperature {Temp.K},42.7, °C,°C
73,3/20/2024 22:18:32.282,Temperature {Temp.K},43.6, °C,°C
74,3/20/2024 22:18:33.284,Temperature {Temp.K},44.8, °C,°C
75,3/20/2024 22:18:34.285,Temperature {Temp.K},45.6, °C,°C
76,3/20/2024 22:18:35.287,Temperature {Temp.K},46.5, °C,°C
77,3/20/2024 22:18:36.287,Temperature {Temp.K},47.8, °C,°C
78,3/20/2024 22:18:37.289,Temperature {Temp.K},48.7, °C,°C
79,3/20/2024 22:18:38.290,Temperature {Temp.K},50.0, °C,°C
80,3/20/2024 22:18:39.292,Temperature {Temp.K},50.8, °C,°C
81,3/20/2024 22:18:40.294,Temperature {Temp.K},52.1, °C,°C
82,3/20/2024 22:18:41.296,Temperature {Temp.K},53.5, °C,°C
83,3/20/2024 22:18:42.296,Temperature {Temp.K},53.5, °C,°C
84,3/20/2024 22:18:43.297,Temperature {Temp.K},55.6, °C,°C
85,3/20/2024 22:18:44.298,Temperature {Temp.K},56.9, °C,°C
86,3/20/2024 22:18:45.299,Temperature {Temp.K},57.7, °C,°C
87,3/20/2024 22:18:46.300,Temperature {Temp.K},59.1, °C,°C
88,3/20/2024 22:18:47.301,Temperature {Temp.K},59.9, °C,°C
89,3/20/2024 22:18:48.301,Temperature {Temp.K},61.2, °C,°C
90,3/20/2024 22:18:49.302,Temperature {Temp.K},62.6, °C,°C
91,3/20/2024 22:18:50.304,Temperature {Temp.K},63.5, °C,°C
92,3/20/2024 22:18:51.305,Temperature {Temp.K},64.9, °C,°C
93,3/20/2024 22:18:52.306,Temperature {Temp.K},66.3, °C,°C
94,3/20/2024 22:18:53.306,Temperature {Temp.K},67.2, °C,°C
95,3/20/2024 22:18:54.308,Temperature {Temp.K},68.5, °C,°C
96,3/20/2024 22:18:55.308,Temperature {Temp.K},69.9, °C,°C
97,3/20/2024 22:18:56.310,Temperature {Temp.K},71.4, °C,°C
98,3/20/2024 22:18:57.310,Temperature {Temp.K},72.3, °C,°C
99,3/20/2024 22:18:58.311,Temperature {Temp.K},73.7, °C,°C
100,3/20/2024 22:18:59.312,Temperature {Temp.K},75.1, °C,°C
101,3/20/2024 22:19:00.313,Temperature {Temp.K},76.0, °C,°C
102,3/20/2024 22:19:01.314,Temperature {Temp.K},77.5, °C,°C
103,3/20/2024 22:19:02.315,Temperature {Temp.K},79.1, °C,°C
104,3/20/2024 22:19:03.317,Temperature {Temp.K},80.5, °C,°C
105,3/20/2024 22:19:04.318,Temperature {Temp.K},81.9, °C,°C
106,3/20/2024 22:19:05.319,Temperature {Temp.K},83.2, °C,°C
107,3/20/2024 22:19:06.319,Temperature {Temp.K},84.9, °C,°C
108,3/20/2024 22:19:07.320,Temperature {Temp.K},86.2, °C,°C
109,3/20/2024 22:19:08.321,Temperature {Temp.K},88.0, °C,°C
110,3/20/2024 22:19:09.322,Temperature {Temp.K},89.2, °C,°C
111,3/20/2024 22:19:10.322,Temperature {Temp.K},90.6, °C,°C
112,3/20/2024 22:19:11.324,Temperature {Temp.K},92.5, °C,°C
113,3/20/2024 22:19:12.324,Temperature {Temp.K},93.9, °C,°C
114,3/20/2024 22:19:13.325,Temperature {Temp.K},95.1, °C,°C
115,3/20/2024 22:19:14.326,Temperature {Temp.K},97.0, °C,°C
116,3/20/2024 22:19:15.327,Temperature {Temp.K},97.6, °C,°C
117,3/20/2024 22:19:16.328,Temperature {Temp.K},100.0, °C,°C
118,3/20/2024 22:19:17.328,Temperature {Temp.K},101.2, °C,°C
119,3/20/2024 22:19:18.329,Temperature {Temp.K},103.0, °C,°C
120,3/20/2024 22:19:19.330,Temperature {Temp.K},104.3, °C,°C
121,3/20/2024 22:19:20.331,Temperature {Temp.K},106.1, °C,°C
122,3/20/2024 22:19:21.332,Temperature {Temp.K},107.6, °C,°C
123,3/20/2024 22:19:22.333,Temperature {Temp.K},108.7, °C,°C
124,3/20/2024 22:19:23.334,Temperature {Temp.K},110.3, °C,°C
125,3/20/2024 22:19:24.334,Temperature {Temp.K},112.1, °C,°C
126,3/20/2024 22:19:25.336,Temperature {Temp.K},113.3, °C,°C
127,3/20/2024 22:19:26.337,Temperature {Temp.K},114.7, °C,°C
128,3/20/2024 22:19:27.338,Temperature {Temp.K},116.0, °C,°C
129,3/20/2024 22:19:28.339,Temperature {Temp.K},117.8, °C,°C
130,3/20/2024 22:19:29.339,Temperature {Temp.K},119.2, °C,°C
131,3/20/2024 22:19:30.351,Temperature {Temp.K},120.5, °C,°C
132,3/20/2024 22:19:31.353,Temperature {Temp.K},122.2, °C,°C
133,3/20/2024 22:19:32.353,Temperature {Temp.K},123.5, °C,°C
134,3/20/2024 22:19:33.354,Temperature {Temp.K},124.9, °C,°C
135,3/20/2024 22:19:34.354,Temperature {Temp.K},126.3, °C,°C
136,3/20/2024 22:19:35.356,Temperature {Temp.K},127.6, °C,°C
137,3/20/2024 22:19:36.357,Temperature {Temp.K},129.5, °C,°C
138,3/20/2024 22:19:37.358,Temperature {Temp.K},131.0, °C,°C
139,3/20/2024 22:19:38.358,Temperature {Temp.K},132.4, °C,°C
140,3/20/2024 22:19:39.359,Temperature {Temp.K},133.4, °C,°C
141,3/20/2024 22:19:40.361,Temperature {Temp.K},134.9, °C,°C
142,3/20/2024 22:19:41.363,Temperature {Temp.K},136.3, °C,°C
143,3/20/2024 22:19:42.364,Temperature {Temp.K},137.6, °C,°C
144,3/20/2024 22:19:43.365,Temperature {Temp.K},139.0, °C,°C
145,3/20/2024 22:19:44.365,Temperature {Temp.K},139.9, °C,°C
146,3/20/2024 22:19:45.367,Temperature {Temp.K},141.4, °C,°C
147,3/20/2024 22:19:46.368,Temperature {Temp.K},142.2, °C,°C
148,3/20/2024 22:19:47.369,Temperature {Temp.K},144.1, °C,°C
149,3/20/2024 22:19:48.370,Temperature {Temp.K},145.6, °C,°C
150,3/20/2024 22:19:49.371,Temperature {Temp.K},147.0, °C,°C
151,3/20/2024 22:19:50.372,Temperature {Temp.K},147.9, °C,°C
152,3/20/2024 22:19:51.373,Temperature {Temp.K},149.2, °C,°C
153,3/20/2024 22:19:52.374,Temperature {Temp.K},150.7, °C,°C
154,3/20/2024 22:19:53.375,Temperature {Temp.K},151.6, °C,°C
155,3/20/2024 22:19:54.376,Temperature {Temp.K},153.0, °C,°C
156,3/20/2024 22:19:55.378,Temperature {Temp.K},154.0, °C,°C
157,3/20/2024 22:19:56.379,Temperature {Temp.K},155.4, °C,°C
158,3/20/2024 22:19:57.380,Temperature {Temp.K},156.9, °C,°C
159,3/20/2024 22:19:58.381,Temperature {Temp.K},157.7, °C,°C
160,3/20/2024 22:19:59.382,Temperature {Temp.K},159.1, °C,°C
161,3/20/2024 22:20:00.383,Temperature {Temp.K},160.4, °C,°C
162,3/20/2024 22:20:01.384,Temperature {Temp.K},161.3, °C,°C
163,3/20/2024 22:20:02.385,Temperature {Temp.K},162.6, °C,°C
164,3/20/2024 22:20:03.386,Temperature {Temp.K},164.1, °C,°C
165,3/20/2024 22:20:04.388,Temperature {Temp.K},164.9, °C,°C
166,3/20/2024 22:20:05.389,Temperature {Temp.K},166.4, °C,°C
167,3/20/2024 22:20:06.390,Temperature {Temp.K},167.2, °C,°C
168,3/20/2024 22:20:07.392,Temperature {Temp.K},168.8, °C,°C
169,3/20/2024 22:20:08.392,Temperature {Temp.K},169.6, °C,°C
170,3/20/2024 22:20:09.393,Temperature {Temp.K},170.3, °C,°C
171,3/20/2024 22:20:10.395,Temperature {Temp.K},171.8, °C,°C
172,3/20/2024 22:20:11.395,Temperature {Temp.K},172.7, °C,°C
173,3/20/2024 22:20:12.396,Temperature {Temp.K},173.9, °C,°C
174,3/20/2024 22:20:13.397,Temperature {Temp.K},175.3, °C,°C
175,3/20/2024 22:20:14.398,Temperature {Temp.K},176.1, °C,°C
176,3/20/2024 22:20:15.399,Temperature {Temp.K},177.3, °C,°C
177,3/20/2024 22:20:16.400,Temperature {Temp.K},178.3, °C,°C
178,3/20/2024 22:20:17.401,Temperature {Temp.K},179.5, °C,°C
179,3/20/2024 22:20:18.402,Temperature {Temp.K},180.7, °C,°C
180,3/20/2024 22:20:19.402,Temperature {Temp.K},181.5, °C,°C
181,3/20/2024 22:20:20.403,Temperature {Temp.K},182.7, °C,°C
182,3/20/2024 22:20:21.404,Temperature {Temp.K},183.6, °C,°C
183,3/20/2024 22:20:22.405,Temperature {Temp.K},184.4, °C,°C
184,3/20/2024 22:20:23.406,Temperature {Temp.K},185.7, °C,°C
185,3/20/2024 22:20:24.406,Temperature {Temp.K},186.4, °C,°C
186,3/20/2024 22:20:25.407,Temperature {Temp.K},187.3, °C,°C
187,3/20/2024 22:20:26.408,Temperature {Temp.K},188.8, °C,°C
188,3/20/2024 22:20:27.408,Temperature {Temp.K},189.6, °C,°C
189,3/20/2024 22:20:28.409,Temperature {Temp.K},190.8, °C,°C
190,3/20/2024 22:20:29.410,Temperature {Temp.K},191.5, °C,°C
191,3/20/2024 22:20:30.419,Temperature {Temp.K},192.9, °C,°C
192,3/20/2024 22:20:31.420,Temperature {Temp.K},193.8, °C,°C
193,3/20/2024 22:20:32.421,Temperature {Temp.K},195.2, °C,°C
194,3/20/2024 22:20:33.422,Temperature {Temp.K},196.1, °C,°C
195,3/20/2024 22:20:34.423,Temperature {Temp.K},197.0, °C,°C
196,3/20/2024 22:20:35.425,Temperature {Temp.K},198.3, °C,°C
197,3/20/2024 22:20:36.426,Temperature {Temp.K},199.2, °C,°C
198,3/20/2024 22:20:37.427,Temperature {Temp.K},199.9, °C,°C
199,3/20/2024 22:20:38.427,Temperature {Temp.K},201.2, °C,°C
200,3/20/2024 22:20:39.428,Temperature {Temp.K},202.0, °C,°C
201,3/20/2024 22:20:40.429,Temperature {Temp.K},203.2, °C,°C
202,3/20/2024 22:20:41.430,Temperature {Temp.K},204.0, °C,°C
203,3/20/2024 22:20:42.431,Temperature {Temp.K},204.9, °C,°C
204,3/20/2024 22:20:43.432,Temperature {Temp.K},206.3, °C,°C
205,3/20/2024 22:20:44.433,Temperature {Temp.K},207.1, °C,°C
206,3/20/2024 22:20:45.434,Temperature {Temp.K},208.5, °C,°C
207,3/20/2024 22:20:46.435,Temperature {Temp.K},209.2, °C,°C
208,3/20/2024 22:20:47.436,Temperature {Temp.K},210.0, °C,°C
209,3/20/2024 22:20:48.437,Temperature {Temp.K},211.3, °C,°C
210,3/20/2024 22:20:49.439,Temperature {Temp.K},212.1, °C,°C
211,3/20/2024 22:20:50.440,Temperature {Temp.K},213.4, °C,°C
212,3/20/2024 22:20:51.441,Temperature {Temp.K},214.2, °C,°C
213,3/20/2024 22:20:52.441,Temperature {Temp.K},215.6, °C,°C
214,3/20/2024 22:20:53.443,Temperature {Temp.K},216.4, °C,°C
215,3/20/2024 22:20:54.445,Temperature {Temp.K},217.8, °C,°C
216,3/20/2024 22:20:55.446,Temperature {Temp.K},219.3, °C,°C
217,3/20/2024 22:20:56.447,Temperature {Temp.K},220.5, °C,°C
218,3/20/2024 22:20:57.448,Temperature {Temp.K},221.4, °C,°C
219,3/20/2024 22:20:58.449,Temperature {Temp.K},222.8, °C,°C
220,3/20/2024 22:20:59.450,Temperature {Temp.K},224.3, °C,°C
221,3/20/2024 22:21:00.451,Temperature {Temp.K},225.2, °C,°C
222,3/20/2024 22:21:01.452,Temperature {Temp.K},226.6, °C,°C
223,3/20/2024 22:21:02.452,Temperature {Temp.K},227.9, °C,°C
224,3/20/2024 22:21:03.453,Temperature {Temp.K},229.3, °C,°C
225,3/20/2024 22:21:04.454,Temperature {Temp.K},230.6, °C,°C
226,3/20/2024 22:21:05.455,Temperature {Temp.K},231.8, °C,°C
227,3/20/2024 22:21:06.456,Temperature {Temp.K},232.6, °C,°C
228,3/20/2024 22:21:07.457,Temperature {Temp.K},234.4, °C,°C
229,3/20/2024 22:21:08.459,Temperature {Temp.K},235.3, °C,°C
230,3/20/2024 22:21:09.460,Temperature {Temp.K},237.0, °C,°C
231,3/20/2024 22:21:10.460,Temperature {Temp.K},238.3, °C,°C
232,3/20/2024 22:21:11.461,Temperature {Temp.K},239.1, °C,°C
233,3/20/2024 22:21:12.462,Temperature {Temp.K},240.5, °C,°C
234,3/20/2024 22:21:13.463,Temperature {Temp.K},242.0, °C,°C
235,3/20/2024 22:21:14.464,Temperature {Temp.K},242.8, °C,°C
236,3/20/2024 22:21:15.464,Temperature {Temp.K},244.2, °C,°C
237,3/20/2024 22:21:16.466,Temperature {Temp.K},245.1, °C,°C
238,3/20/2024 22:21:17.467,Temperature {Temp.K},246.3, °C,°C
239,3/20/2024 22:21:18.468,Temperature {Temp.K},247.1, °C,°C
240,3/20/2024 22:21:19.469,Temperature {Temp.K},248.5, °C,°C
241,3/20/2024 22:21:20.469,Temperature {Temp.K},250.5, °C,°C
242,3/20/2024 22:21:21.470,Temperature {Temp.K},251.3, °C,°C
243,3/20/2024 22:21:22.471,Temperature {Temp.K},252.9, °C,°C
244,3/20/2024 22:21:23.472,Temperature {Temp.K},253.7, °C,°C
245,3/20/2024 22:21:24.473,Temperature {Temp.K},254.5, °C,°C
246,3/20/2024 22:21:25.475,Temperature {Temp.K},255.4, °C,°C
247,3/20/2024 22:21:26.476,Temperature {Temp.K},256.2, °C,°C
248,3/20/2024 22:21:27.477,Temperature {Temp.K},257.1, °C,°C
249,3/20/2024 22:21:28.477,Temperature {Temp.K},257.4, °C,°C
250,3/20/2024 22:21:29.478,Temperature {Temp.K},258.2, °C,°C
251,3/20/2024 22:21:30.484,Temperature {Temp.K},258.5, °C,°C
252,3/20/2024 22:21:31.485,Temperature {Temp.K},258.8, °C,°C
253,3/20/2024 22:21:32.485,Temperature {Temp.K},259.1, °C,°C
254,3/20/2024 22:21:33.486,Temperature {Temp.K},259.2, °C,°C
255,3/20/2024 22:21:34.487,Temperature {Temp.K},259.1, °C,°C
256,3/20/2024 22:21:35.488,Temperature {Temp.K},259.1, °C,°C
257,3/20/2024 22:21:36.489,Temperature {Temp.K},259.0, °C,°C
258,3/20/2024 22:21:37.490,Temperature {Temp.K},258.8, °C,°C
259,3/20/2024 22:21:38.490,Temperature {Temp.K},258.4, °C,°C
260,3/20/2024 22:21:39.492,Temperature {Temp.K},258.0, °C,°C
261,3/20/2024 22:21:40.492,Temperature {Temp.K},257.5, °C,°C
262,3/20/2024 22:21:41.493,Temperature {Temp.K},256.7, °C,°C
263,3/20/2024 22:21:42.494,Temperature {Temp.K},256.5, °C,°C
264,3/20/2024 22:21:43.495,Temperature {Temp.K},256.2, °C,°C
265,3/20/2024 22:21:44.496,Temperature {Temp.K},255.8, °C,°C
266,3/20/2024 22:21:45.497,Temperature {Temp.K},255.4, °C,°C
267,3/20/2024 22:21:46.499,Temperature {Temp.K},254.9, °C,°C
268,3/20/2024 22:21:47.504,Temperature {Temp.K},254.6, °C,°C
269,3/20/2024 22:21:48.505,Temperature {Temp.K},253.9, °C,°C
270,3/20/2024 22:21:49.505,Temperature {Temp.K},253.6, °C,°C
271,3/20/2024 22:21:50.506,Temperature {Temp.K},252.8, °C,°C
272,3/20/2024 22:21:51.507,Temperature {Temp.K},252.1, °C,°C
273,3/20/2024 22:21:52.507,Temperature {Temp.K},251.3, °C,°C
274,3/20/2024 22:21:53.508,Temperature {Temp.K},250.5, °C,°C
275,3/20/2024 22:21:54.509,Temperature {Temp.K},250.1, °C,°C
276,3/20/2024 22:21:55.509,Temperature {Temp.K},249.4, °C,°C
277,3/20/2024 22:21:56.510,Temperature {Temp.K},248.5, °C,°C
278,3/20/2024 22:21:57.511,Temperature {Temp.K},247.7, °C,°C
279,3/20/2024 22:21:58.512,Temperature {Temp.K},246.9, °C,°C
280,3/20/2024 22:21:59.513,Temperature {Temp.K},246.1, °C,°C
281,3/20/2024 22:22:00.514,Temperature {Temp.K},244.9, °C,°C
282,3/20/2024 22:22:01.515,Temperature {Temp.K},244.1, °C,°C
283,3/20/2024 22:22:02.516,Temperature {Temp.K},243.3, °C,°C
284,3/20/2024 22:22:03.516,Temperature {Temp.K},242.5, °C,°C
285,3/20/2024 22:22:04.518,Temperature {Temp.K},241.7, °C,°C
286,3/20/2024 22:22:05.518,Temperature {Temp.K},240.9, °C,°C
287,3/20/2024 22:22:06.519,Temperature {Temp.K},240.1, °C,°C
288,3/20/2024 22:22:07.520,Temperature {Temp.K},239.3, °C,°C
289,3/20/2024 22:22:08.520,Temperature {Temp.K},238.5, °C,°C
290,3/20/2024 22:22:09.521,Temperature {Temp.K},237.6, °C,°C
291,3/20/2024 22:22:10.523,Temperature {Temp.K},236.9, °C,°C
292,3/20/2024 22:22:11.524,Temperature {Temp.K},236.0, °C,°C
293,3/20/2024 22:22:12.525,Temperature {Temp.K},235.2, °C,°C
294,3/20/2024 22:22:13.527,Temperature {Temp.K},234.5, °C,°C
295,3/20/2024 22:22:14.528,Temperature {Temp.K},233.6, °C,°C
296,3/20/2024 22:22:15.529,Temperature {Temp.K},233.6, °C,°C
297,3/20/2024 22:22:16.530,Temperature {Temp.K},232.2, °C,°C
298,3/20/2024 22:22:17.530,Temperature {Temp.K},231.3, °C,°C
299,3/20/2024 22:22:18.532,Temperature {Temp.K},230.5, °C,°C
300,3/20/2024 22:22:19.533,Temperature {Temp.K},229.7, °C,°C
301,3/20/2024 22:22:20.534,Temperature {Temp.K},228.5, °C,°C
302,3/20/2024 22:22:21.535,Temperature {Temp.K},227.8, °C,°C
303,3/20/2024 22:22:22.536,Temperature {Temp.K},226.9, °C,°C
304,3/20/2024 22:22:23.537,Temperature {Temp.K},226.1, °C,°C
305,3/20/2024 22:22:24.538,Temperature {Temp.K},225.3, °C,°C
306,3/20/2024 22:22:25.539,Temperature {Temp.K},224.5, °C,°C
307,3/20/2024 22:22:26.540,Temperature {Temp.K},223.7, °C,°C
308,3/20/2024 22:22:27.541,Temperature {Temp.K},223.1, °C,°C
309,3/20/2024 22:22:28.541,Temperature {Temp.K},222.7, °C,°C
310,3/20/2024 22:22:29.542,Temperature {Temp.K},221.9, °C,°C
311,3/20/2024 22:22:30.543,Temperature {Temp.K},221.2, °C,°C
312,3/20/2024 22:22:31.544,Temperature {Temp.K},220.4, °C,°C
313,3/20/2024 22:22:32.546,Temperature {Temp.K},219.6, °C,°C
314,3/20/2024 22:22:33.546,Temperature {Temp.K},218.8, °C,°C
315,3/20/2024 22:22:34.547,Temperature {Temp.K},218.1, °C,°C
316,3/20/2024 22:22:35.548,Temperature {Temp.K},217.3, °C,°C
317,3/20/2024 22:22:36.549,Temperature {Temp.K},216.5, °C,°C
318,3/20/2024 22:22:37.550,Temperature {Temp.K},216.1, °C,°C
319,3/20/2024 22:22:38.550,Temperature {Temp.K},215.4, °C,°C
320,3/20/2024 22:22:39.551,Temperature {Temp.K},214.6, °C,°C
321,3/20/2024 22:22:40.552,Temperature {Temp.K},213.9, °C,°C
322,3/20/2024 22:22:41.553,Temperature {Temp.K},213.0, °C,°C
323,3/20/2024 22:22:42.554,Temperature {Temp.K},212.3, °C,°C
324,3/20/2024 22:22:43.555,Temperature {Temp.K},211.9, °C,°C
325,3/20/2024 22:22:44.555,Temperature {Temp.K},211.1, °C,°C
326,3/20/2024 22:22:45.556,Temperature {Temp.K},210.3, °C,°C
327,3/20/2024 22:22:46.557,Temperature {Temp.K},209.4, °C,°C
328,3/20/2024 22:22:47.558,Temperature {Temp.K},209.1, °C,°C
329,3/20/2024 22:22:48.559,Temperature {Temp.K},208.4, °C,°C
330,3/20/2024 22:22:49.560,Temperature {Temp.K},207.7, °C,°C
331,3/20/2024 22:22:50.561,Temperature {Temp.K},206.7, °C,°C
332,3/20/2024 22:22:51.562,Temperature {Temp.K},206.4, °C,°C
333,3/20/2024 22:22:52.562,Temperature {Temp.K},205.5, °C,°C
334,3/20/2024 22:22:53.563,Temperature {Temp.K},204.8, °C,°C
335,3/20/2024 22:22:54.565,Temperature {Temp.K},204.5, °C,°C
336,3/20/2024 22:22:55.566,Temperature {Temp.K},203.7, °C,°C
337,3/20/2024 22:22:56.568,Temperature {Temp.K},203.2, °C,°C
338,3/20/2024 22:22:57.569,Temperature {Temp.K},202.5, °C,°C
339,3/20/2024 22:22:58.570,Temperature {Temp.K},201.7, °C,°C
340,3/20/2024 22:22:59.571,Temperature {Temp.K},201.3, °C,°C
341,3/20/2024 22:23:00.572,Temperature {Temp.K},200.6, °C,°C
342,3/20/2024 22:23:01.573,Temperature {Temp.K},199.7, °C,°C
343,3/20/2024 22:23:02.574,Temperature {Temp.K},199.4, °C,°C
344,3/20/2024 22:23:03.575,Temperature {Temp.K},198.9, °C,°C
345,3/20/2024 22:23:04.576,Temperature {Temp.K},198.2, °C,°C
346,3/20/2024 22:23:05.577,Temperature {Temp.K},197.8, °C,°C
347,3/20/2024 22:23:06.578,Temperature {Temp.K},196.9, °C,°C
348,3/20/2024 22:23:07.579,Temperature {Temp.K},196.6, °C,°C
349,3/20/2024 22:23:08.581,Temperature {Temp.K},196.2, °C,°C
350,3/20/2024 22:23:09.581,Temperature {Temp.K},195.5, °C,°C
351,3/20/2024 22:23:10.582,Temperature {Temp.K},195.1, °C,°C
352,3/20/2024 22:23:11.583,Temperature {Temp.K},194.4, °C,°C
353,3/20/2024 22:23:12.584,Temperature {Temp.K},194.0, °C,°C
354,3/20/2024 22:23:13.585,Temperature {Temp.K},193.2, °C,°C
355,3/20/2024 22:23:14.586,Temperature {Temp.K},192.9, °C,°C
356,3/20/2024 22:23:15.587,Temperature {Temp.K},192.4, °C,°C
357,3/20/2024 22:23:16.588,Temperature {Temp.K},191.7, °C,°C
358,3/20/2024 22:23:17.589,Temperature {Temp.K},191.3, °C,°C
359,3/20/2024 22:23:18.590,Temperature {Temp.K},190.6, °C,°C
360,3/20/2024 22:23:19.591,Temperature {Temp.K},190.2, °C,°C
361,3/20/2024 22:23:20.592,Temperature {Temp.K},188.0, °C,°C
362,3/20/2024 22:23:21.592,Temperature {Temp.K},180.9, °C,°C
363,3/20/2024 22:23:22.593,Temperature {Temp.K},177.8, °C,°C
364,3/20/2024 22:23:23.594,Temperature {Temp.K},173.0, °C,°C
365,3/20/2024 22:23:24.594,Temperature {Temp.K},168.0, °C,°C
366,3/20/2024 22:23:25.595,Temperature {Temp.K},163.3, °C,°C
367,3/20/2024 22:23:26.596,Temperature {Temp.K},159.3, °C,°C
368,3/20/2024 22:23:27.597,Temperature {Temp.K},154.9, °C,°C
369,3/20/2024 22:23:28.598,Temperature {Temp.K},150.4, °C,°C
370,3/20/2024 22:23:29.599,Temperature {Temp.K},146.7, °C,°C
371,3/20/2024 22:23:30.601,Temperature {Temp.K},144.1, °C,°C
372,3/20/2024 22:23:31.601,Temperature {Temp.K},142.6, °C,°C
373,3/20/2024 22:23:32.602,Temperature {Temp.K},139.2, °C,°C
374,3/20/2024 22:23:33.603,Temperature {Temp.K},136.4, °C,°C
375,3/20/2024 22:23:34.603,Temperature {Temp.K},134.1, °C,°C
376,3/20/2024 22:23:35.605,Temperature {Temp.K},132.4, °C,°C
377,3/20/2024 22:23:36.605,Temperature {Temp.K},129.3, °C,°C
378,3/20/2024 22:23:37.606,Temperature {Temp.K},127.1, °C,°C
379,3/20/2024 22:23:38.606,Temperature {Temp.K},124.7, °C,°C
380,3/20/2024 22:23:39.607,Temperature {Temp.K},122.9, °C,°C
381,3/20/2024 22:23:40.608,Temperature {Temp.K},120.6, °C,°C
382,3/20/2024 22:23:41.608,Temperature {Temp.K},118.7, °C,°C
383,3/20/2024 22:23:42.609,Temperature {Temp.K},117.2, °C,°C
384,3/20/2024 22:23:43.610,Temperature {Temp.K},114.5, °C,°C
385,3/20/2024 22:23:44.610,Temperature {Temp.K},112.9, °C,°C
386,3/20/2024 22:23:45.612,Temperature {Temp.K},110.9, °C,°C
387,3/20/2024 22:23:46.613,Temperature {Temp.K},109.3, °C,°C
388,3/20/2024 22:23:47.613,Temperature {Temp.K},108.3, °C,°C
389,3/20/2024 22:23:48.614,Temperature {Temp.K},106.9, °C,°C
390,3/20/2024 22:23:49.615,Temperature {Temp.K},105.4, °C,°C
391,3/20/2024 22:23:50.616,Temperature {Temp.K},103.8, °C,°C
392,3/20/2024 22:23:51.617,Temperature {Temp.K},102.2, °C,°C
393,3/20/2024 22:23:52.618,Temperature {Temp.K},100.6, °C,°C
394,3/20/2024 22:23:53.618,Temperature {Temp.K},99.2, °C,°C
395,3/20/2024 22:23:54.619,Temperature {Temp.K},98.6, °C,°C
396,3/20/2024 22:23:55.621,Temperature {Temp.K},96.8, °C,°C
397,3/20/2024 22:23:56.622,Temperature {Temp.K},96.4, °C,°C
398,3/20/2024 22:23:57.624,Temperature {Temp.K},94.8, °C,°C
399,3/20/2024 22:23:58.625,Temperature {Temp.K},93.6, °C,°C
400,3/20/2024 22:23:59.626,Temperature {Temp.K},92.3, °C,°C
401,3/20/2024 22:24:00.627,Temperature {Temp.K},91.5, °C,°C
402,3/20/2024 22:24:01.628,Temperature {Temp.K},90.2, °C,°C
403,3/20/2024 22:24:02.630,Temperature {Temp.K},88.9, °C,°C
404,3/20/2024 22:24:03.631,Temperature {Temp.K},88.1, °C,°C
405,3/20/2024 22:24:04.632,Temperature {Temp.K},87.4, °C,°C
406,3/20/2024 22:24:05.632,Temperature {Temp.K},86.5, °C,°C
407,3/20/2024 22:24:06.633,Temperature {Temp.K},85.7, °C,°C
408,3/20/2024 22:24:07.634,Temperature {Temp.K},85.1, °C,°C
409,3/20/2024 22:24:08.635,Temperature {Temp.K},84.2, °C,°C
410,3/20/2024 22:24:09.635,Temperature {Temp.K},83.5, °C,°C
411,3/20/2024 22:24:10.635,Temperature {Temp.K},82.1, °C,°C
412,3/20/2024 22:24:11.636,Temperature {Temp.K},81.7, °C,°C
413,3/20/2024 22:24:12.637,Temperature {Temp.K},80.3, °C,°C
414,3/20/2024 22:24:13.638,Temperature {Temp.K},79.6, °C,°C
415,3/20/2024 22:24:14.639,Temperature {Temp.K},79.1, °C,°C
416,3/20/2024 22:24:15.640,Temperature {Temp.K},78.3, °C,°C
417,3/20/2024 22:24:16.642,Temperature {Temp.K},77.3, °C,°C
418,3/20/2024 22:24:17.643,Temperature {Temp.K},76.1, °C,°C
419,3/20/2024 22:24:18.643,Temperature {Temp.K},74.6, °C,°C
420,3/20/2024 22:24:19.644,Temperature {Temp.K},74.1, °C,°C
421,3/20/2024 22:24:20.645,Temperature {Temp.K},73.4, °C,°C
422,3/20/2024 22:24:21.647,Temperature {Temp.K},72.5, °C,°C
423,3/20/2024 22:24:22.648,Temperature {Temp.K},71.7, °C,°C
424,3/20/2024 22:24:23.648,Temperature {Temp.K},71.0, °C,°C
425,3/20/2024 22:24:24.650,Temperature {Temp.K},70.7, °C,°C
426,3/20/2024 22:24:25.651,Temperature {Temp.K},69.9, °C,°C
427,3/20/2024 22:24:26.651,Temperature {Temp.K},69.0, °C,°C
428,3/20/2024 22:24:27.651,Temperature {Temp.K},68.1, °C,°C
429,3/20/2024 22:24:28.652,Temperature {Temp.K},67.4, °C,°C
430,3/20/2024 22:24:29.653,Temperature {Temp.K},67.4, °C,°C
431,3/20/2024 22:24:30.654,Temperature {Temp.K},67.4, °C,°C
432,3/20/2024 22:24:31.655,Temperature {Temp.K},67.0, °C,°C
433,3/20/2024 22:24:32.656,Temperature {Temp.K},66.9, °C,°C
434,3/20/2024 22:24:33.657,Temperature {Temp.K},66.7, °C,°C
435,3/20/2024 22:24:34.658,Temperature {Temp.K},65.9, °C,°C
436,3/20/2024 22:24:35.659,Temperature {Temp.K},65.1, °C,°C
437,3/20/2024 22:24:36.660,Temperature {Temp.K},64.2, °C,°C
438,3/20/2024 22:24:37.661,Temperature {Temp.K},63.8, °C,°C
439,3/20/2024 22:24:38.662,Temperature {Temp.K},63.1, °C,°C
440,3/20/2024 22:24:39.663,Temperature {Temp.K},62.9, °C,°C
441,3/20/2024 22:24:40.664,Temperature {Temp.K},62.7, °C,°C
442,3/20/2024 22:24:41.664,Temperature {Temp.K},62.4, °C,°C
443,3/20/2024 22:24:42.665,Temperature {Temp.K},62.1, °C,°C
444,3/20/2024 22:24:43.665,Temperature {Temp.K},61.3, °C,°C
445,3/20/2024 22:24:44.666,Temperature {Temp.K},61.0, °C,°C
446,3/20/2024 22:24:45.668,Temperature {Temp.K},60.6, °C,°C
447,3/20/2024 22:24:46.669,Temperature {Temp.K},60.5, °C,°C
448,3/20/2024 22:24:47.671,Temperature {Temp.K},60.7, °C,°C
449,3/20/2024 22:24:48.672,Temperature {Temp.K},60.5, °C,°C
450,3/20/2024 22:24:49.673,Temperature {Temp.K},60.2, °C,°C
451,3/20/2024 22:24:50.673,Temperature {Temp.K},59.8, °C,°C
452,3/20/2024 22:24:51.674,Temperature {Temp.K},59.4, °C,°C
453,3/20/2024 22:24:52.675,Temperature {Temp.K},59.0, °C,°C
454,3/20/2024 22:24:53.676,Temperature {Temp.K},58.6, °C,°C
455,3/20/2024 22:24:54.678,Temperature {Temp.K},58.3, °C,°C
456,3/20/2024 22:24:55.678,Temperature {Temp.K},57.9, °C,°C
457,3/20/2024 22:24:56.680,Temperature {Temp.K},57.5, °C,°C
458,3/20/2024 22:24:57.681,Temperature {Temp.K},57.2, °C,°C
459,3/20/2024 22:24:58.682,Temperature {Temp.K},56.8, °C,°C
460,3/20/2024 22:24:59.683,Temperature {Temp.K},56.5, °C,°C
461,3/20/2024 22:25:00.684,Temperature {Temp.K},56.2, °C,°C
462,3/20/2024 22:25:01.685,Temperature {Temp.K},56.0, °C,°C
463,3/20/2024 22:25:02.686,Temperature {Temp.K},55.7, °C,°C
464,3/20/2024 22:25:03.686,Temperature {Temp.K},55.3, °C,°C
465,3/20/2024 22:25:04.688,Temperature {Temp.K},54.9, °C,°C
466,3/20/2024 22:25:05.688,Temperature {Temp.K},54.9, °C,°C
467,3/20/2024 22:25:06.690,Temperature {Temp.K},54.9, °C,°C
468,3/20/2024 22:25:07.690,Temperature {Temp.K},54.6, °C,°C
469,3/20/2024 22:25:08.692,Temperature {Temp.K},54.0, °C,°C
470,3/20/2024 22:25:09.692,Temperature {Temp.K},53.8, °C,°C
471,3/20/2024 22:25:10.693,Temperature {Temp.K},53.2, °C,°C
472,3/20/2024 22:25:11.695,Temperature {Temp.K},53.2, °C,°C
473,3/20/2024 22:25:12.696,Temperature {Temp.K},53.3, °C,°C
474,3/20/2024 22:25:13.696,Temperature {Temp.K},53.1, °C,°C
475,3/20/2024 22:25:14.697,Temperature {Temp.K},52.7, °C,°C
476,3/20/2024 22:25:15.699,Temperature {Temp.K},52.4, °C,°C
477,3/20/2024 22:25:16.700,Temperature {Temp.K},52.3, °C,°C
478,3/20/2024 22:25:17.701,Temperature {Temp.K},51.5, °C,°C
479,3/20/2024 22:25:18.703,Temperature {Temp.K},51.4, °C,°C
480,3/20/2024 22:25:19.704,Temperature {Temp.K},51.2, °C,°C
481,3/20/2024 22:25:20.705,Temperature {Temp.K},51.0, °C,°C
482,3/20/2024 22:25:21.706,Temperature {Temp.K},50.8, °C,°C
483,3/20/2024 22:25:22.707,Temperature {Temp.K},50.5, °C,°C
484,3/20/2024 22:25:23.709,Temperature {Temp.K},50.2, °C,°C
485,3/20/2024 22:25:24.710,Temperature {Temp.K},49.9, °C,°C
486,3/20/2024 22:25:25.711,Temperature {Temp.K},49.6, °C,°C
487,3/20/2024 22:25:26.712,Temperature {Temp.K},49.4, °C,°C
488,3/20/2024 22:25:27.712,Temperature {Temp.K},49.2, °C,°C
489,3/20/2024 22:25:28.713,Temperature {Temp.K},49.1, °C,°C
490,3/20/2024 22:25:29.714,Temperature {Temp.K},48.8, °C,°C
491,3/20/2024 22:25:30.715,Temperature {Temp.K},48.7, °C,°C
492,3/20/2024 22:25:31.716,Temperature {Temp.K},48.6, °C,°C
493,3/20/2024 22:25:32.717,Temperature {Temp.K},48.3, °C,°C
494,3/20/2024 22:25:33.718,Temperature {Temp.K},47.9, °C,°C
495,3/20/2024 22:25:34.719,Temperature {Temp.K},47.6, °C,°C
496,3/20/2024 22:25:35.720,Temperature {Temp.K},47.4, °C,°C
497,3/20/2024 22:25:36.721,Temperature {Temp.K},47.2, °C,°C
498,3/20/2024 22:25:37.722,Temperature {Temp.K},47.0, °C,°C
499,3/20/2024 22:25:38.723,Temperature {Temp.K},46.8, °C,°C
500,3/20/2024 22:25:39.724,Temperature {Temp.K},46.8, °C,°C
501,3/20/2024 22:25:40.725,Temperature {Temp.K},46.6, °C,°C
502,3/20/2024 22:25:41.726,Temperature {Temp.K},45.9, °C,°C
503,3/20/2024 22:25:42.728,Temperature {Temp.K},45.7, °C,°C
504,3/20/2024 22:25:43.729,Temperature {Temp.K},45.7, °C,°C
505,3/20/2024 22:25:44.730,Temperature {Temp.K},45.6, °C,°C
506,3/20/2024 22:25:45.732,Temperature {Temp.K},45.4, °C,°C
507,3/20/2024 22:25:46.733,Temperature {Temp.K},45.2, °C,°C
508,3/20/2024 22:25:47.734,Temperature {Temp.K},45.1, °C,°C
509,3/20/2024 22:25:48.736,Temperature {Temp.K},44.8, °C,°C
510,3/20/2024 22:25:49.737,Temperature {Temp.K},44.6, °C,°C
511,3/20/2024 22:25:50.738,Temperature {Temp.K},44.4, °C,°C
512,3/20/2024 22:25:51.740,Temperature {Temp.K},44.3, °C,°C
513,3/20/2024 22:25:52.740,Temperature {Temp.K},44.4, °C,°C
514,3/20/2024 22:25:53.741,Temperature {Temp.K},44.3, °C,°C
515,3/20/2024 22:25:54.742,Temperature {Temp.K},44.2, °C,°C
516,3/20/2024 22:25:55.742,Temperature {Temp.K},44.1, °C,°C
517,3/20/2024 22:25:56.743,Temperature {Temp.K},44.0, °C,°C
518,3/20/2024 22:25:57.744,Temperature {Temp.K},43.7, °C,°C
519,3/20/2024 22:25:58.744,Temperature {Temp.K},43.5, °C,°C
520,3/20/2024 22:25:59.745,Temperature {Temp.K},43.4, °C,°C
521,3/20/2024 22:26:00.745,Temperature {Temp.K},43.2, °C,°C
522,3/20/2024 22:26:01.747,Temperature {Temp.K},43.0, °C,°C
523,3/20/2024 22:26:02.748,Temperature {Temp.K},42.9, °C,°C
524,3/20/2024 22:26:03.750,Temperature {Temp.K},42.8, °C,°C
525,3/20/2024 22:26:04.752,Temperature {Temp.K},42.7, °C,°C
526,3/20/2024 22:26:05.753,Temperature {Temp.K},42.4, °C,°C
527,3/20/2024 22:26:06.754,Temperature {Temp.K},42.3, °C,°C
528,3/20/2024 22:26:07.755,Temperature {Temp.K},42.3, °C,°C
529,3/20/2024 22:26:08.757,Temperature {Temp.K},42.1, °C,°C
530,3/20/2024 22:26:09.758,Temperature {Temp.K},41.9, °C,°C
531,3/20/2024 22:26:10.759,Temperature {Temp.K},41.7, °C,°C
532,3/20/2024 22:26:11.761,Temperature {Temp.K},41.5, °C,°C
533,3/20/2024 22:26:12.762,Temperature {Temp.K},41.3, °C,°C
534,3/20/2024 22:26:13.764,Temperature {Temp.K},41.3, °C,°C
535,3/20/2024 22:26:14.765,Temperature {Temp.K},41.2, °C,°C
536,3/20/2024 22:26:15.767,Temperature {Temp.K},41.2, °C,°C
537,3/20/2024 22:26:16.767,Temperature {Temp.K},41.1, °C,°C
538,3/20/2024 22:26:17.768,Temperature {Temp.K},40.9, °C,°C
539,3/20/2024 22:26:18.770,Temperature {Temp.K},40.6, °C,°C
540,3/20/2024 22:26:19.770,Temperature {Temp.K},40.3, °C,°C
541,3/20/2024 22:26:20.771,Temperature {Temp.K},39.9, °C,°C
542,3/20/2024 22:26:21.772,Temperature {Temp.K},39.8, °C,°C
543,3/20/2024 22:26:22.773,Temperature {Temp.K},39.8, °C,°C
544,3/20/2024 22:26:23.774,Temperature {Temp.K},39.8, °C,°C
545,3/20/2024 22:26:24.775,Temperature {Temp.K},39.7, °C,°C
546,3/20/2024 22:26:25.777,Temperature {Temp.K},39.6, °C,°C
547,3/20/2024 22:26:26.778,Temperature {Temp.K},39.3, °C,°C
548,3/20/2024 22:26:27.779,Temperature {Temp.K},39.1, °C,°C
549,3/20/2024 22:26:28.780,Temperature {Temp.K},39.1, °C,°C
550,3/20/2024 22:26:29.782,Temperature {Temp.K},38.9, °C,°C
551,3/20/2024 22:26:30.782,Temperature {Temp.K},38.9, °C,°C
552,3/20/2024 22:26:31.783,Temperature {Temp.K},38.7, °C,°C
553,3/20/2024 22:26:32.785,Temperature {Temp.K},38.4, °C,°C
554,3/20/2024 22:26:33.786,Temperature {Temp.K},38.0, °C,°C
555,3/20/2024 22:26:34.788,Temperature {Temp.K},37.8, °C,°C
556,3/20/2024 22:26:35.788,Temperature {Temp.K},37.8, °C,°C
557,3/20/2024 22:26:36.789,Temperature {Temp.K},37.7, °C,°C
558,3/20/2024 22:26:37.791,Temperature {Temp.K},37.6, °C,°C
559,3/20/2024 22:26:38.792,Temperature {Temp.K},37.3, °C,°C
560,3/20/2024 22:26:39.793,Temperature {Temp.K},37.1, °C,°C
561,3/20/2024 22:26:40.794,Temperature {Temp.K},36.9, °C,°C
562,3/20/2024 22:26:41.796,Temperature {Temp.K},36.8, °C,°C
563,3/20/2024 22:26:42.797,Temperature {Temp.K},36.7, °C,°C
564,3/20/2024 22:26:43.798,Temperature {Temp.K},36.6, °C,°C
565,3/20/2024 22:26:44.799,Temperature {Temp.K},36.6, °C,°C
566,3/20/2024 22:26:45.801,Temperature {Temp.K},36.7, °C,°C
567,3/20/2024 22:26:46.802,Temperature {Temp.K},36.9, °C,°C
568,3/20/2024 22:26:47.803,Temperature {Temp.K},37.3, °C,°C
569,3/20/2024 22:26:48.804,Temperature {Temp.K},37.5, °C,°C
570,3/20/2024 22:26:49.805,Temperature {Temp.K},37.5, °C,°C
571,3/20/2024 22:26:50.807,Temperature {Temp.K},37.5, °C,°C
572,3/20/2024 22:26:51.807,Temperature {Temp.K},37.4, °C,°C
573,3/20/2024 22:26:52.807,Temperature {Temp.K},37.3, °C,°C
574,3/20/2024 22:26:53.809,Temperature {Temp.K},37.4, °C,°C
575,3/20/2024 22:26:54.810,Temperature {Temp.K},37.4, °C,°C
576,3/20/2024 22:26:55.812,Temperature {Temp.K},37.3, °C,°C
577,3/20/2024 22:26:56.812,Temperature {Temp.K},37.3, °C,°C
578,3/20/2024 22:26:57.814,Temperature {Temp.K},37.3, °C,°C
579,3/20/2024 22:26:58.815,Temperature {Temp.K},37.4, °C,°C
580,3/20/2024 22:26:59.816,Temperature {Temp.K},37.4, °C,°C
581,3/20/2024 22:27:00.816,Temperature {Temp.K},37.3, °C,°C
582,3/20/2024 22:27:01.817,Temperature {Temp.K},37.1, °C,°C
583,3/20/2024 22:27:02.818,Temperature {Temp.K},36.8, °C,°C
584,3/20/2024 22:27:03.819,Temperature {Temp.K},36.6, °C,°C
585,3/20/2024 22:27:04.820,Temperature {Temp.K},36.4, °C,°C
586,3/20/2024 22:27:05.820,Temperature {Temp.K},36.3, °C,°C
587,3/20/2024 22:27:06.822,Temperature {Temp.K},36.3, °C,°C
588,3/20/2024 22:27:07.823,Temperature {Temp.K},36.2, °C,°C
589,3/20/2024 22:27:08.824,Temperature {Temp.K},36.0, °C,°C
590,3/20/2024 22:27:09.825,Temperature {Temp.K},35.8, °C,°C
591,3/20/2024 22:27:10.826,Temperature {Temp.K},35.6, °C,°C
592,3/20/2024 22:27:11.827,Temperature {Temp.K},35.5, °C,°C
593,3/20/2024 22:27:12.828,Temperature {Temp.K},35.4, °C,°C
594,3/20/2024 22:27:13.830,Temperature {Temp.K},35.5, °C,°C
595,3/20/2024 22:27:14.831,Temperature {Temp.K},35.4, °C,°C
596,3/20/2024 22:27:15.831,Temperature {Temp.K},35.3, °C,°C
597,3/20/2024 22:27:16.832,Temperature {Temp.K},35.3, °C,°C
598,3/20/2024 22:27:17.834,Temperature {Temp.K},35.2, °C,°C
599,3/20/2024 22:27:18.835,Temperature {Temp.K},35.0, °C,°C
600,3/20/2024 22:27:19.835,Temperature {Temp.K},35.1, °C,°C
601,3/20/2024 22:27:20.836,Temperature {Temp.K},35.2, °C,°C
602,3/20/2024 22:27:21.837,Temperature {Temp.K},35.2, °C,°C
603,3/20/2024 22:27:22.839,Temperature {Temp.K},35.2, °C,°C
604,3/20/2024 22:27:23.840,Temperature {Temp.K},35.1, °C,°C
605,3/20/2024 22:27:24.841,Temperature {Temp.K},35.2, °C,°C
606,3/20/2024 22:27:25.843,Temperature {Temp.K},35.1, °C,°C
607,3/20/2024 22:27:26.845,Temperature {Temp.K},35.1, °C,°C
608,3/20/2024 22:27:27.845,Temperature {Temp.K},35.1, °C,°C
609,3/20/2024 22:27:28.847,Temperature {Temp.K},35.0, °C,°C
610,3/20/2024 22:27:29.847,Temperature {Temp.K},34.9, °C,°C
611,3/20/2024 22:27:30.849,Temperature {Temp.K},34.8, °C,°C
612,3/20/2024 22:27:31.850,Temperature {Temp.K},34.7, °C,°C
613,3/20/2024 22:27:32.851,Temperature {Temp.K},34.6, °C,°C
614,3/20/2024 22:27:33.852,Temperature {Temp.K},34.6, °C,°C
615,3/20/2024 22:27:34.853,Temperature {Temp.K},34.5, °C,°C
616,3/20/2024 22:27:35.854,Temperature {Temp.K},34.5, °C,°C
617,3/20/2024 22:27:36.856,Temperature {Temp.K},34.4, °C,°C
618,3/20/2024 22:27:37.856,Temperature {Temp.K},34.4, °C,°C
619,3/20/2024 22:27:38.857,Temperature {Temp.K},34.4, °C,°C
620,3/20/2024 22:27:39.857,Temperature {Temp.K},34.3, °C,°C
621,3/20/2024 22:27:40.859,Temperature {Temp.K},34.2, °C,°C
622,3/20/2024 22:27:41.860,Temperature {Temp.K},34.1, °C,°C
623,3/20/2024 22:27:42.860,Temperature {Temp.K},34.0, °C,°C
624,3/20/2024 22:27:43.862,Temperature {Temp.K},33.9, °C,°C
625,3/20/2024 22:27:44.863,Temperature {Temp.K},33.8, °C,°C
626,3/20/2024 22:27:45.864,Temperature {Temp.K},33.6, °C,°C
627,3/20/2024 22:27:46.865,Temperature {Temp.K},33.5, °C,°C
628,3/20/2024 22:27:47.865,Temperature {Temp.K},33.4, °C,°C
629,3/20/2024 22:27:48.866,Temperature {Temp.K},33.3, °C,°C
630,3/20/2024 22:27:49.866,Temperature {Temp.K},33.3, °C,°C
631,3/20/2024 22:27:50.867,Temperature {Temp.K},33.4, °C,°C
632,3/20/2024 22:27:51.867,Temperature {Temp.K},33.3, °C,°C
633,3/20/2024 22:27:52.867,Temperature {Temp.K},33.2, °C,°C
634,3/20/2024 22:27:53.869,Temperature {Temp.K},33.1, °C,°C
635,3/20/2024 22:27:54.870,Temperature {Temp.K},33.0, °C,°C
636,3/20/2024 22:27:55.872,Temperature {Temp.K},33.0, °C,°C
637,3/20/2024 22:27:56.873,Temperature {Temp.K},33.0, °C,°C
638,3/20/2024 22:27:57.874,Temperature {Temp.K},32.9, °C,°C
639,3/20/2024 22:27:58.874,Temperature {Temp.K},32.9, °C,°C
640,3/20/2024 22:27:59.876,Temperature {Temp.K},32.9, °C,°C
641,3/20/2024 22:28:00.877,Temperature {Temp.K},32.7, °C,°C
642,3/20/2024 22:28:01.878,Temperature {Temp.K},32.5, °C,°C
643,3/20/2024 22:28:02.879,Temperature {Temp.K},32.5, °C,°C
644,3/20/2024 22:28:03.880,Temperature {Temp.K},32.4, °C,°C
645,3/20/2024 22:28:04.881,Temperature {Temp.K},32.4, °C,°C
646,3/20/2024 22:28:05.882,Temperature {Temp.K},32.4, °C,°C
647,3/20/2024 22:28:06.883,Temperature {Temp.K},32.5, °C,°C
648,3/20/2024 22:28:07.885,Temperature {Temp.K},32.5, °C,°C
649,3/20/2024 22:28:08.886,Temperature {Temp.K},32.5, °C,°C
650,3/20/2024 22:28:09.888,Temperature {Temp.K},32.4, °C,°C
651,3/20/2024 22:28:10.888,Temperature {Temp.K},32.3, °C,°C
652,3/20/2024 22:28:11.890,Temperature {Temp.K},32.2, °C,°C
653,3/20/2024 22:28:12.892,Temperature {Temp.K},32.1, °C,°C
654,3/20/2024 22:28:13.893,Temperature {Temp.K},32.0, °C,°C
655,3/20/2024 22:28:14.894,Temperature {Temp.K},31.9, °C,°C
656,3/20/2024 22:28:15.895,Temperature {Temp.K},31.8, °C,°C
657,3/20/2024 22:28:16.896,Temperature {Temp.K},31.8, °C,°C
658,3/20/2024 22:28:17.897,Temperature {Temp.K},31.7, °C,°C
659,3/20/2024 22:28:18.898,Temperature {Temp.K},31.7, °C,°C
660,3/20/2024 22:28:19.900,Temperature {Temp.K},31.7, °C,°C
661,3/20/2024 22:28:20.901,Temperature {Temp.K},31.7, °C,°C
662,3/20/2024 22:28:21.902,Temperature {Temp.K},31.7, °C,°C
663,3/20/2024 22:28:22.903,Temperature {Temp.K},31.7, °C,°C
664,3/20/2024 22:28:23.905,Temperature {Temp.K},31.7, °C,°C
665,3/20/2024 22:28:24.906,Temperature {Temp.K},31.7, °C,°C
666,3/20/2024 22:28:25.907,Temperature {Temp.K},31.7, °C,°C
667,3/20/2024 22:28:26.908,Temperature {Temp.K},31.7, °C,°C
668,3/20/2024 22:28:27.909,Temperature {Temp.K},31.7, °C,°C
669,3/20/2024 22:28:28.909,Temperature {Temp.K},31.7, °C,°C
670,3/20/2024 22:28:29.911,Temperature {Temp.K},31.6, °C,°C
671,3/20/2024 22:28:30.913,Temperature {Temp.K},31.6, °C,°C
672,3/20/2024 22:28:31.915,Temperature {Temp.K},31.6, °C,°C
673,3/20/2024 22:28:32.916,Temperature {Temp.K},31.6, °C,°C
674,3/20/2024 22:28:33.917,Temperature {Temp.K},31.6, °C,°C
675,3/20/2024 22:28:34.917,Temperature {Temp.K},31.6, °C,°C
676,3/20/2024 22:28:35.919,Temperature {Temp.K},31.6, °C,°C
677,3/20/2024 22:28:36.920,Temperature {Temp.K},31.6, °C,°C
678,3/20/2024 22:28:37.921,Temperature {Temp.K},31.5, °C,°C
679,3/20/2024 22:28:38.921,Temperature {Temp.K},31.5, °C,°C
680,3/20/2024 22:28:39.922,Temperature {Temp.K},31.4, °C,°C
681,3/20/2024 22:28:40.923,Temperature {Temp.K},31.2, °C,°C
682,3/20/2024 22:28:41.925,Temperature {Temp.K},31.1, °C,°C
683,3/20/2024 22:28:42.926,Temperature {Temp.K},31.1, °C,°C
684,3/20/2024 22:28:43.927,Temperature {Temp.K},31.1, °C,°C
685,3/20/2024 22:28:44.928,Temperature {Temp.K},31.2, °C,°C
686,3/20/2024 22:28:45.929,Temperature {Temp.K},31.2, °C,°C
687,3/20/2024 22:28:46.930,Temperature {Temp.K},31.1, °C,°C
688,3/20/2024 22:28:47.930,Temperature {Temp.K},31.0, °C,°C
689,3/20/2024 22:28:48.931,Temperature {Temp.K},30.9, °C,°C
690,3/20/2024 22:28:49.931,Temperature {Temp.K},30.9, °C,°C
691,3/20/2024 22:28:50.932,Temperature {Temp.K},30.9, °C,°C
692,3/20/2024 22:28:51.933,Temperature {Temp.K},30.9, °C,°C
693,3/20/2024 22:28:52.934,Temperature {Temp.K},30.8, °C,°C
694,3/20/2024 22:28:53.935,Temperature {Temp.K},30.7, °C,°C
695,3/20/2024 22:28:54.936,Temperature {Temp.K},30.6, °C,°C
696,3/20/2024 22:28:55.937,Temperature {Temp.K},30.7, °C,°C
697,3/20/2024 22:28:56.938,Temperature {Temp.K},30.6, °C,°C
698,3/20/2024 22:28:57.940,Temperature {Temp.K},30.6, °C,°C
699,3/20/2024 22:28:58.940,Temperature {Temp.K},30.6, °C,°C
700,3/20/2024 22:28:59.942,Temperature {Temp.K},30.6, °C,°C
701,3/20/2024 22:29:00.943,Temperature {Temp.K},30.6, °C,°C
702,3/20/2024 22:29:01.944,Temperature {Temp.K},30.5, °C,°C
703,3/20/2024 22:29:02.946,Temperature {Temp.K},30.5, °C,°C
704,3/20/2024 22:29:03.947,Temperature {Temp.K},30.5, °C,°C
705,3/20/2024 22:29:04.948,Temperature {Temp.K},30.5, °C,°C
706,3/20/2024 22:29:05.948,Temperature {Temp.K},30.5, °C,°C
707,3/20/2024 22:29:06.949,Temperature {Temp.K},30.4, °C,°C
708,3/20/2024 22:29:07.950,Temperature {Temp.K},30.4, °C,°C
709,3/20/2024 22:29:08.951,Temperature {Temp.K},30.4, °C,°C
710,3/20/2024 22:29:09.952,Temperature {Temp.K},30.5, °C,°C
711,3/20/2024 22:29:10.953,Temperature {Temp.K},30.5, °C,°C
712,3/20/2024 22:29:11.955,Temperature {Temp.K},30.6, °C,°C
713,3/20/2024 22:29:12.956,Temperature {Temp.K},30.5, °C,°C
714,3/20/2024 22:29:13.957,Temperature {Temp.K},30.4, °C,°C
715,3/20/2024 22:29:14.958,Temperature {Temp.K},30.5, °C,°C
716,3/20/2024 22:29:15.959,Temperature {Temp.K},30.5, °C,°C
717,3/20/2024 22:29:16.960,Temperature {Temp.K},30.4, °C,°C
718,3/20/2024 22:29:17.962,Temperature {Temp.K},30.2, °C,°C
719,3/20/2024 22:29:18.962,Temperature {Temp.K},30.2, °C,°C
720,3/20/2024 22:29:19.963,Temperature {Temp.K},30.2, °C,°C
721,3/20/2024 22:29:20.964,Temperature {Temp.K},30.1, °C,°C
722,3/20/2024 22:29:21.964,Temperature {Temp.K},30.0, °C,°C
723,3/20/2024 22:29:22.965,Temperature {Temp.K},29.9, °C,°C
724,3/20/2024 22:29:23.966,Temperature {Temp.K},29.8, °C,°C
725,3/20/2024 22:29:24.967,Temperature {Temp.K},29.8, °C,°C
726,3/20/2024 22:29:25.969,Temperature {Temp.K},29.7, °C,°C
727,3/20/2024 22:29:26.969,Temperature {Temp.K},29.6, °C,°C
728,3/20/2024 22:29:27.970,Temperature {Temp.K},29.5, °C,°C
729,3/20/2024 22:29:28.971,Temperature {Temp.K},29.5, °C,°C
730,3/20/2024 22:29:29.971,Temperature {Temp.K},29.5, °C,°C
731,3/20/2024 22:29:30.972,Temperature {Temp.K},29.4, °C,°C
732,3/20/2024 22:29:31.974,Temperature {Temp.K},29.2, °C,°C
733,3/20/2024 22:29:32.975,Temperature {Temp.K},29.2, °C,°C
734,3/20/2024 22:29:33.977,Temperature {Temp.K},29.3, °C,°C
735,3/20/2024 22:29:34.978,Temperature {Temp.K},29.3, °C,°C
736,3/20/2024 22:29:35.978,Temperature {Temp.K},29.4, °C,°C
737,3/20/2024 22:29:36.980,Temperature {Temp.K},29.4, °C,°C
738,3/20/2024 22:29:37.981,Temperature {Temp.K},29.3, °C,°C
739,3/20/2024 22:29:38.982,Temperature {Temp.K},29.3, °C,°C
740,3/20/2024 22:29:39.983,Temperature {Temp.K},29.2, °C,°C
741,3/20/2024 22:29:40.984,Temperature {Temp.K},29.1, °C,°C
